step,loss,ppl
200,4.087880611419678,59.613413735202165
400,3.4061391353607178,30.148619529058443
